<?xml version="1.0"?>
<doc>
    <assembly>
        <name>Pwc.vProfile.WebApi</name>
    </assembly>
    <members>
        <member name="T:Pwc.vProfile.WebApi.Controllers.ExtendFieldController">
            <summary>
            ExtendField API
            </summary>
        </member>
        <member name="M:Pwc.vProfile.WebApi.Controllers.ExtendFieldController.#ctor(Pwc.vProfile.Application.ExtendFields.IExtendFieldAppService)">
            <summary>
            Constructor
            </summary>
            <param name="extendFieldAppService"></param>
        </member>
        <member name="M:Pwc.vProfile.WebApi.Controllers.ExtendFieldController.Ping">
            <summary>
            ping
            </summary>
            <returns></returns>
        </member>
        <member name="M:Pwc.vProfile.WebApi.Controllers.ExtendFieldController.AddExtendField(Pwc.vProfile.Application.ExtendFields.Dto.AddExtendFieldInput)">
            <summary>
            Add ExtendField
            </summary>
            <param name="input"></param>
            <returns></returns>
        </member>
        <member name="M:Pwc.vProfile.WebApi.Controllers.ExtendFieldController.GetBussTypeList">
            <summary>
            Get BussType List
            </summary>
            <returns></returns>
        </member>
        <member name="M:Pwc.vProfile.WebApi.Controllers.ExtendFieldController.GetExtendFieldListAll">
            <summary>
            Get ExtendField List All
            </summary>
            <returns></returns>
        </member>
        <member name="M:Pwc.vProfile.WebApi.Controllers.ExtendFieldController.GetExtendFieldList(Pwc.vProfile.Application.ExtendFields.Dto.GetExtendFieldListInput)">
            <summary>
            Get ExtendField List by name(match contain) and bussType
            </summary>
            <param name="input"></param>
            <returns></returns>
        </member>
        <member name="M:Pwc.vProfile.WebApi.Controllers.ExtendFieldController.GetExtendFieldListByBussType(Pwc.vProfile.Application.ExtendFields.Dto.GetExtendFieldListByBussTypeInput)">
            <summary>
            Get ExtendField List of BussType
            </summary>
            <param name="input"></param>
            <returns></returns>
        </member>
        <member name="M:Pwc.vProfile.WebApi.Controllers.ExtendFieldController.UpdateExtendField(Pwc.vProfile.Application.ExtendFields.Dto.UpdateExtendFieldInput)">
            <summary>
            Update ExtendField
            </summary>
            <param name="input"></param>
            <returns></returns>
        </member>
        <member name="M:Pwc.vProfile.WebApi.Controllers.ExtendFieldController.UpdateExtendFieldList(System.Collections.Generic.List{Pwc.vProfile.Application.ExtendFields.Dto.UpdateExtendFieldInput})">
            <summary>
            Update ExtendField List
            </summary>
            <param name="input"></param>
            <returns></returns>
        </member>
        <member name="M:Pwc.vProfile.WebApi.Controllers.ExtendFieldController.DeleteExtendField(Pwc.vProfile.Application.ExtendFields.Dto.DeleteExtendFieldInput)">
            <summary>
            Delete ExtendField by name and bussType
            </summary>
            <param name="input"></param>
            <returns></returns>
        </member>
        <member name="M:Pwc.vProfile.WebApi.Controllers.ExtendFieldController.DeleteExtendFieldAll">
            <summary>
            Delete ExtendField All
            </summary>
            <returns></returns>
        </member>
        <member name="T:Pwc.vProfile.WebApi.Controllers.GroupController">
            <summary>
            Group API
            </summary>
        </member>
        <member name="M:Pwc.vProfile.WebApi.Controllers.GroupController.#ctor(Pwc.vProfile.Application.Groups.IGroupAppService)">
            <summary>
            Constructor
            </summary>
            <param name="groupAppService"></param>
        </member>
        <member name="M:Pwc.vProfile.WebApi.Controllers.GroupController.AddGroup(Pwc.vProfile.Application.Groups.Dto.AddGroupInput)">
            <summary>
            New save group API
            </summary>
            <param name="input"></param>
            <returns></returns>
        </member>
        <member name="M:Pwc.vProfile.WebApi.Controllers.GroupController.GetGroupListAll">
            <summary>
            Query all groups API
            </summary>
            <returns></returns>
        </member>
        <member name="M:Pwc.vProfile.WebApi.Controllers.GroupController.GetGroupList(Pwc.vProfile.Application.Groups.Dto.GetGroupListInput)">
            <summary>
             Query groups by the name match(like %%) API
            </summary>
            <param name="input"></param>
            <returns></returns>
        </member>
        <member name="M:Pwc.vProfile.WebApi.Controllers.GroupController.GetGroup(Pwc.vProfile.Application.Groups.Dto.GetGroupInput)">
            <summary>
            Query group details by group name API
            </summary>
            <param name="input"></param>
            <returns></returns>
        </member>
        <member name="M:Pwc.vProfile.WebApi.Controllers.GroupController.UpdateGroup(Pwc.vProfile.Application.Groups.Dto.UpdateGroupInput)">
            <summary>
             Update group API
            </summary>
            <param name="input"></param>
            <returns></returns>
        </member>
        <member name="M:Pwc.vProfile.WebApi.Controllers.GroupController.UpdateGroupList(Pwc.vProfile.Application.Groups.Dto.UpdateGroupListInput)">
            <summary>
            Update Group list API
            </summary>
            <param name="input"></param>
            <returns></returns>
        </member>
        <member name="M:Pwc.vProfile.WebApi.Controllers.GroupController.DeleteGroup(Pwc.vProfile.Application.Groups.Dto.DeleteGroupInput)">
            <summary>
            Delete group API
            </summary>
            <param name="input"></param>
            <returns></returns>
        </member>
        <member name="M:Pwc.vProfile.WebApi.Controllers.GroupController.DeleteGroupList(Pwc.vProfile.Application.Groups.Dto.DeleteGroupListInput)">
            <summary>
            Delete group list API
            </summary>
            <param name="input"></param>
            <returns></returns>
        </member>
        <member name="M:Pwc.vProfile.WebApi.Controllers.GroupController.DeleteGroupAll">
            <summary>
            Delete all group info API
            </summary>
            <returns></returns>
        </member>
        <member name="M:Pwc.vProfile.WebApi.Controllers.GroupController.MoveGroup(Pwc.vProfile.Application.Groups.Dto.MoveGroupInput)">
            <summary>
             Move a group from Original node to target node API
            </summary>
            <param name="input"></param>
            <returns></returns>
        </member>
        <member name="M:Pwc.vProfile.WebApi.Controllers.GroupController.GetUserCountByGroupName(Pwc.vProfile.Application.Groups.Dto.GetUserCountByGroupNameInput)">
            <summary>
            Get user total count of one group by group seqid API
            </summary>
            <param name="input"></param>
            <returns></returns>
        </member>
        <member name="M:Pwc.vProfile.WebApi.Controllers.ManagerController.Ping">
            <summary>
            ping接口
            </summary>
            <returns></returns>
        </member>
        <member name="T:Pwc.vProfile.WebApi.Controllers.TenantController">
            <summary>
            Tenant Init API
            </summary>
        </member>
        <member name="M:Pwc.vProfile.WebApi.Controllers.TenantController.#ctor(Pwc.vProfile.Application.Tenants.ITenantAppService)">
            <summary>
            Constructor
            </summary>
            <param name="tenantAppService"></param>
        </member>
        <member name="M:Pwc.vProfile.WebApi.Controllers.TenantController.InitTenantDb(Pwc.vProfile.Application.Tenants.Dto.InitTenantDbInput)">
            <summary>
            Create database and admin user for each tenant in mongodb
            </summary>
            <param name="input"></param>
            <returns></returns>
        </member>
        <member name="M:Pwc.vProfile.WebApi.Controllers.TenantController.UpdateGroupRule(Pwc.vProfile.Application.Tenants.Dto.UpdateGroupRuleInput)">
            <summary>
            update group rule under each tenant
            </summary>
            <param name="input"></param>
            <returns></returns>
        </member>
    </members>
</doc>
