<?xml version="1.0"?>
<doc>
    <assembly>
        <name>Pwc.vProfile.Application</name>
    </assembly>
    <members>
        <member name="P:Pwc.vProfile.Application.Apps.Dto.GetListOutput.AuthType">
            <summary>
            <see cref="T:Pwc.vProfile.Core.Tenants.AuthTypeEnum"/>
            表示App的认证方式
            </summary>
        </member>
        <member name="P:Pwc.vProfile.Application.Apps.Dto.GetListOutput.FavCount">
            <summary>
            app被收藏的次数
            </summary>
        </member>
        <member name="M:Pwc.vProfile.Application.Auth.Permissions.PermissionAppService.AddPermission(Abp.Authorization.Permission,System.Collections.Generic.IReadOnlyList{Abp.Authorization.Permission},System.Collections.Generic.List{Pwc.vProfile.Application.Auth.Permissions.Dto.FlatPermissionWithLevelDto},System.Int32)">
            <summary>
            
            </summary>
            <param name="parent">父节点</param>
            <param name="allPermissions">所有权限列表</param>
            <param name="result">返回结果集</param>
            <param name="level">level</param>
        </member>
        <member name="M:Pwc.vProfile.Application.Auth.Permissions.PermissionManagerExtensions.GetPermissionsFromNamesByValidating(Abp.Authorization.IPermissionManager,System.Collections.Generic.IEnumerable{System.String})">
            <summary>
            根据权限Name获取权限
            </summary>
        </member>
        <member name="P:Pwc.vProfile.Application.Auth.Roles.Dto.GetRoleForEditOutput.Permissions">
            <summary>
            所有权限列表
            </summary>
        </member>
        <member name="P:Pwc.vProfile.Application.Auth.Roles.Dto.GetRoleForEditOutput.GrantedPermissionNames">
            <summary>
            分配到该角色的权限Name列表
            </summary>
        </member>
        <member name="P:Pwc.vProfile.Application.Auth.Users.Dto.UpdateUserRolesInput.RoleNames">
            <summary>
            已分配的角色列表
            </summary>
        </member>
        <member name="M:Pwc.vProfile.Application.Auth.Users.IUserAppService.GetUserRoles(Abp.Application.Services.Dto.EntityDto{System.Int64})">
            <summary>
            获取用户的角色列表
            </summary>
            <returns></returns>
        </member>
        <member name="M:Pwc.vProfile.Application.Auth.Users.IUserAppService.UpdateUserRoles(Pwc.vProfile.Application.Auth.Users.Dto.UpdateUserRolesInput)">
            <summary>
            更新用户的角色信息
            </summary>
            <returns></returns>
        </member>
        <member name="M:Pwc.vProfile.Application.Auth.Users.IUserAppService.GetUserGroups(Abp.Application.Services.Dto.EntityDto{System.Int64})">
            <summary>
            获取用户所属的组
            </summary>
            <param name="input"></param>
            <returns></returns>
        </member>
        <member name="M:Pwc.vProfile.Application.Auth.Users.IUserAppService.UpdateUserGroups(Pwc.vProfile.Application.Auth.Users.Dto.UpdateUserGroupsInput)">
            <summary>
            更新用户组
            </summary>
            <param name="input"></param>
            <returns></returns>
        </member>
        <member name="P:Pwc.vProfile.Application.ExtendFields.Dto.AddExtendFieldInput.BussType">
            <summary>
            业务类型判断
            <see cref="!:BussTypeEnum"/>
            </summary>
        </member>
        <member name="P:Pwc.vProfile.Application.ExtendFields.Dto.ExtendFieldDto.BussType">
            <summary>
            业务类型判断
            <see cref="!:BussTypeEnum"/>
            </summary>
        </member>
        <member name="P:Pwc.vProfile.Application.ExtendFields.Dto.UpdateExtendFieldInput.BussType">
            <summary>
            业务类型判断
            <see cref="!:BussTypeEnum"/>
            </summary>
        </member>
        <member name="T:Pwc.vProfile.Application.ExtendFields.ExtendFieldAppService">
            <summary>
            ExtendField Service
            </summary>
        </member>
        <member name="M:Pwc.vProfile.Application.ExtendFields.ExtendFieldAppService.#ctor(Pwc.vProfile.Core.ExtendFields.IExtendFieldManager)">
            <summary>
            Constructor
            </summary>
            <param name="extendFieldManager"></param>
        </member>
        <member name="M:Pwc.vProfile.Application.ExtendFields.ExtendFieldAppService.GetExtendFieldBussTypeList">
            <summary>
            Get ExtendField BussType List
            </summary>
            <returns></returns>
        </member>
        <member name="M:Pwc.vProfile.Application.ExtendFields.ExtendFieldAppService.AddExtendField(Pwc.vProfile.Application.ExtendFields.Dto.AddExtendFieldInput)">
            <summary>
            Add ExtendField
            </summary>
            <param name="input"></param>
            <returns></returns>
        </member>
        <member name="M:Pwc.vProfile.Application.ExtendFields.ExtendFieldAppService.GetExtendFieldListAll">
            <summary>
            Get ExtendField List All
            </summary>
            <returns></returns>
        </member>
        <member name="M:Pwc.vProfile.Application.ExtendFields.ExtendFieldAppService.GetExtendFieldList(Pwc.vProfile.Application.ExtendFields.Dto.GetExtendFieldListInput)">
            <summary>
            Get ExtendField List by name(match contain) and busstype
            </summary>
            <param name="input"></param>
            <returns></returns>
        </member>
        <member name="M:Pwc.vProfile.Application.ExtendFields.ExtendFieldAppService.GetExtendFieldListByBussType(Pwc.vProfile.Application.ExtendFields.Dto.GetExtendFieldListByBussTypeInput)">
            <summary>
            Get ExtendField List of one BussType
            </summary>
            <param name="input"></param>
            <returns></returns>
        </member>
        <member name="M:Pwc.vProfile.Application.ExtendFields.ExtendFieldAppService.UpdateExtendField(Pwc.vProfile.Application.ExtendFields.Dto.UpdateExtendFieldInput)">
            <summary>
            Update ExtendField
            </summary>
            <param name="input"></param>
            <returns></returns>
        </member>
        <member name="M:Pwc.vProfile.Application.ExtendFields.ExtendFieldAppService.UpdateExtendFieldList(System.Collections.Generic.List{Pwc.vProfile.Application.ExtendFields.Dto.UpdateExtendFieldInput})">
            <summary>
            Update ExtendField List
            </summary>
            <param name="input"></param>
            <returns></returns>
        </member>
        <member name="M:Pwc.vProfile.Application.ExtendFields.ExtendFieldAppService.DeleteExtendField(Pwc.vProfile.Application.ExtendFields.Dto.DeleteExtendFieldInput)">
            <summary>
            Delete ExtendField by name and bussType
            </summary>
            <param name="input"></param>
            <returns></returns>
        </member>
        <member name="M:Pwc.vProfile.Application.ExtendFields.ExtendFieldAppService.DeleteExtendFieldAll">
            <summary>
            Delete ExtendField All
            </summary>
            <returns></returns>
        </member>
        <member name="P:Pwc.vProfile.Application.Groups.Dto.AddGroupInput.Path">
            <summary>
            完整父路径
            /a/b/c/
            </summary>
        </member>
        <member name="P:Pwc.vProfile.Application.Groups.Dto.GroupDto.Path">
            <summary>
            完整父路径
            /a/b/c/
            </summary>
        </member>
        <member name="P:Pwc.vProfile.Application.Groups.Dto.UpdateGroupInput.Path">
            <summary>
            完整父路径
            /a/b/c/
            </summary>
        </member>
        <member name="T:Pwc.vProfile.Application.Groups.GroupAppService">
            <summary>
            Group Service
            </summary>
        </member>
        <member name="M:Pwc.vProfile.Application.Groups.GroupAppService.#ctor(Pwc.vProfile.Core.Groups.IGroupManager)">
            <summary>
            Constructor
            </summary>
            <param name="groupManager"></param>
        </member>
        <member name="M:Pwc.vProfile.Application.Groups.GroupAppService.AddGroup(Pwc.vProfile.Application.Groups.Dto.AddGroupInput)">
            <summary>
            New save a group
            </summary>
            <param name="input"></param>
            <returns></returns>
        </member>
        <member name="M:Pwc.vProfile.Application.Groups.GroupAppService.GetGroupListAll">
            <summary>
            Query all groups
            </summary>
            <returns></returns>
        </member>
        <member name="M:Pwc.vProfile.Application.Groups.GroupAppService.GetGroupList(Pwc.vProfile.Application.Groups.Dto.GetGroupListInput)">
            <summary>
            Query groups by the name match, like
            </summary>
            <param name="input"></param>
            <returns></returns>
        </member>
        <member name="M:Pwc.vProfile.Application.Groups.GroupAppService.GetGroup(Pwc.vProfile.Application.Groups.Dto.GetGroupInput)">
            <summary>
            Query group details by group name
            </summary>
            <param name="input"></param>
            <returns></returns>
        </member>
        <member name="M:Pwc.vProfile.Application.Groups.GroupAppService.UpdateGroup(Pwc.vProfile.Application.Groups.Dto.UpdateGroupInput)">
            <summary>
            Update group
            </summary>
            <param name="input"></param>
            <returns></returns>
        </member>
        <member name="M:Pwc.vProfile.Application.Groups.GroupAppService.UpdateGroupList(Pwc.vProfile.Application.Groups.Dto.UpdateGroupListInput)">
            <summary>
            Update Group list
            </summary>
            <param name="input"></param>
            <returns></returns>
        </member>
        <member name="M:Pwc.vProfile.Application.Groups.GroupAppService.DeleteGroup(Pwc.vProfile.Application.Groups.Dto.DeleteGroupInput)">
            <summary>
            Delete group
            </summary>
            <param name="input"></param>
            <returns></returns>
        </member>
        <member name="M:Pwc.vProfile.Application.Groups.GroupAppService.DeleteGroupList(Pwc.vProfile.Application.Groups.Dto.DeleteGroupListInput)">
            <summary>
            Delete group list
            </summary>
            <param name="input"></param>
            <returns></returns>
        </member>
        <member name="M:Pwc.vProfile.Application.Groups.GroupAppService.DeleteGroupAll">
            <summary>
            Delete all group info
            </summary>
            <returns></returns>
        </member>
        <member name="M:Pwc.vProfile.Application.Groups.GroupAppService.MoveGroup(Pwc.vProfile.Application.Groups.Dto.MoveGroupInput)">
            <summary>
            Move a group from Original node to target node
            </summary>
            <param name="input"></param>
            <returns></returns>
        </member>
        <member name="M:Pwc.vProfile.Application.Groups.GroupAppService.GetUserCountByGroupName(Pwc.vProfile.Application.Groups.Dto.GetUserCountByGroupNameInput)">
            <summary>
            Get user total count of one group by group seqid
            </summary>
            <param name="input"></param>
            <returns></returns>
        </member>
        <member name="M:Pwc.vProfile.Application.PagedHelper.PagedCheck(System.Int32,System.Int32)">
            <summary>
            验证分页
            </summary>
            <param name="index"></param>
            <param name="limit"></param>
            <returns>Item1:skipCount Item2:limit</returns>
        </member>
        <member name="M:Pwc.vProfile.Application.SSO.ISSOAppService.Verify(System.String,System.Int64,System.Int64)">
            <summary>
            验证sid是否有效
            </summary>
            <param name="sid"></param>
            <param name="tid"></param>
            <param name="uId"></param>
            <returns></returns>
        </member>
        <member name="M:Pwc.vProfile.Application.SSO.ISSOAppService.GetUser(System.String,System.Int64,System.Int64)">
            <summary>
            获取用户基本信息
            </summary>
            <param name="sid"></param>
            <param name="tid"></param>
            <param name="uId"></param>
            <returns></returns>
        </member>
        <member name="M:Pwc.vProfile.Application.SSO.ISSOAppService.SignInAsync(Pwc.vProfile.Application.SSO.Dto.SignInInput)">
            <summary>
            用户登录成功后将用户信息写入缓存
            </summary>
            <param name="input"></param>
        </member>
        <member name="M:Pwc.vProfile.Application.SSO.ISSOAppService.SignOutAsync(System.String,System.Int64,System.Int64)">
            <summary>
            
            </summary>
            <param name="sid"></param>
            <param name="tid"></param>
            <param name="uId"></param>
            <returns></returns>
        </member>
        <member name="M:Pwc.vProfile.Application.SSO.ISSOAppService.CreateServiceTicket">
            <summary>
            创建st
            </summary>
            <returns></returns>
        </member>
        <member name="F:Pwc.vProfile.Application.SSO.SSOConsts.CacheName">
            <summary>
            sid redis缓存
            </summary>
        </member>
        <member name="F:Pwc.vProfile.Application.SSO.SSOConsts.SidKey">
            <summary>
            缓存的sid模板    {0}:tenantId {1}:sid
            </summary>
        </member>
        <member name="F:Pwc.vProfile.Application.SSO.SSOConsts.SidCacheExpire">
            <summary>
            sid缓存相对过期时间
            </summary>
        </member>
        <member name="F:Pwc.vProfile.Application.SSO.SSOConsts.ServiceTicketKey">
            <summary>
            service ticket prefix
            </summary>
        </member>
        <member name="P:Pwc.vProfile.Application.Tenants.Dto.InitTenantDbInput.AuthType">
            <summary>
            <see cref="T:Pwc.vProfile.Core.Tenants.AuthTypeEnum"/>
            </summary>
        </member>
    </members>
</doc>
